{"cameraMode":{"drawMode":0,"name":"Shaded","section":"Shading Mode"},"sceneLighting":false,"audioPlay":false,"sceneViewState":{"m_AlwaysRefresh":false,"showFog":true,"showSkybox":false,"showFlares":true,"showImageEffects":true,"showParticleSystems":true,"showVisualEffectGraphs":true,"m_FxEnabled":true},"in2DMode":false,"pivot":{"x":15.029999732971192,"y":0.4100000262260437,"z":8.949999809265137},"rotation":{"x":0.6595365405082703,"y":-0.011498899199068547,"z":0.01009225845336914,"w":0.7515263557434082},"size":6.861874580383301,"orthographic":false}