{"cameraMode":{"drawMode":0,"name":"Shaded","section":"Shading Mode"},"sceneLighting":true,"audioPlay":false,"sceneViewState":{"m_AlwaysRefresh":false,"showFog":true,"showSkybox":true,"showFlares":true,"showImageEffects":true,"showParticleSystems":true,"showVisualEffectGraphs":true,"m_FxEnabled":true},"in2DMode":false,"pivot":{"x":12.942886352539063,"y":-0.594025194644928,"z":8.4093656539917},"rotation":{"x":-0.5218474864959717,"y":0.0053456611931324009,"z":-0.003318881383165717,"w":-0.8530688881874085},"size":10.289366722106934,"orthographic":false}