{"cameraMode":{"drawMode":0,"name":"Shaded","section":"Shading Mode"},"sceneLighting":true,"audioPlay":false,"sceneViewState":{"m_AlwaysRefresh":false,"showFog":true,"showSkybox":true,"showFlares":true,"showImageEffects":true,"showParticleSystems":true,"showVisualEffectGraphs":true,"m_FxEnabled":true},"in2DMode":false,"pivot":{"x":7.853699207305908,"y":-0.1488671898841858,"z":9.216511726379395},"rotation":{"x":-0.04798347130417824,"y":0.00028943686629645526,"z":-0.0000558248175366316,"w":-0.9988932609558106},"size":13.29891586303711,"orthographic":false}