{"cameraMode":{"drawMode":0,"name":"Shaded","section":"Shading Mode"},"sceneLighting":true,"audioPlay":false,"sceneViewState":{"m_AlwaysRefresh":false,"showFog":true,"showSkybox":true,"showFlares":true,"showImageEffects":true,"showParticleSystems":true,"showVisualEffectGraphs":true,"m_FxEnabled":true},"in2DMode":false,"pivot":{"x":7.540894508361816,"y":-14.915751457214356,"z":28.340099334716798},"rotation":{"x":-0.2882823646068573,"y":-0.022721005603671075,"z":0.006773560307919979,"w":-0.9573045969009399},"size":22.204715728759767,"orthographic":false}